{"cameraMode":{"drawMode":0,"name":"Shaded","section":"Shading Mode"},"sceneLighting":false,"audioPlay":false,"sceneViewState":{"showFog":true,"showMaterialUpdate":false,"showSkybox":false,"showFlares":true,"showImageEffects":true,"showParticleSystems":true,"showVisualEffectGraphs":true,"m_FxEnabled":true},"in2DMode":false,"pivot":{"x":42.109642028808597,"y":-0.2687034606933594,"z":-21.000350952148439},"rotation":{"x":-0.019508464261889459,"y":0.9698364734649658,"z":-0.22842097282409669,"w":-0.08282969892024994},"size":50.005001068115237,"orthographic":false}