{"cameraMode":{"drawMode":0,"name":"Shaded","section":"Shading Mode"},"sceneLighting":true,"audioPlay":false,"sceneViewState":{"showFog":true,"showMaterialUpdate":false,"showSkybox":true,"showFlares":true,"showImageEffects":true,"showParticleSystems":true,"showVisualEffectGraphs":true,"m_FxEnabled":true},"in2DMode":false,"pivot":{"x":0.889772355556488,"y":0.7029389142990112,"z":1.9449644088745118},"rotation":{"x":-0.24955618381500245,"y":0.025267930701375009,"z":-0.0065141660161316399,"w":-0.9680090546607971},"size":4.233864784240723,"orthographic":false}